treat,village_code,female,bl_has_children,bl_own_livestock,bl_emp_self,bl_emp_wage,el_health_index
0,10101005,1,1,0,0,0,1.026443
0,10101005,1,0,0,0,0,.0007464
0,10101005,1,1,1,0,0,-.2177097
0,10101005,1,1,1,0,0,1.026443
0,10101005,1,1,0,1,0,1.026443
0,10101005,1,1,0,0,0,1.026443
0,10101005,0,1,1,0,0,.8835051
0,10101005,0,1,1,0,1,.1117854
0,10101007,1,1,1,0,0,-.4696154
0,10101007,1,1,1,1,0,-.6038473
0,10101007,1,1,0,0,0,-.2865744
0,10101007,0,0,0,0,1,1.013759
0,10101007,1,1,1,0,0,1.026443
0,10101012,0,0,0,0,1,1.013759
0,10101012,1,1,0,0,0,1.026443
0,10101012,1,1,0,0,0,-.5498024
0,10101012,1,1,0,0,1,-1.955554
0,10101012,1,1,0,0,1,-1.633404
0,10101012,0,0,0,0,1,1.013759
0,10101012,1,1,0,0,1,-.3850187
0,10101012,1,1,0,0,0,1.026443
0,10101012,0,1,1,1,0,.8585539
1,10101013,1,1,1,1,0,.0111845
1,10101013,1,1,0,0,0,.1815252
1,10101013,1,0,0,0,0,-3.718163
1,10101013,1,0,0,0,0,.0961761
1,10101013,0,1,0,0,1,.6727723
1,10101013,1,1,0,0,0,.2187131
0,10102004,1,1,0,0,0,-.1640373
0,10102004,1,1,0,0,0,.1087131
0,10102004,1,0,0,1,0,-.7229056
0,10102004,1,1,0,0,0,-3.336551
0,10102004,1,1,0,0,0,-.0403148
0,10102004,1,1,0,1,0,.5754559
0,10102004,1,1,0,1,0,1.026443
0,10102006,1,1,0,0,0,1.026443
0,10102006,0,0,1,0,0,.0091469
0,10102006,0,0,1,0,0,.9734992
0,10102006,0,0,0,1,0,-1.599043
0,10102006,1,1,0,1,0,1.026443
0,10102013,0,1,0,1,0,.5002069
0,10102013,0,1,0,0,0,.1117854
0,10102013,1,1,0,0,0,.5169553
0,10102013,1,1,1,0,1,.2235169
0,10102013,1,0,0,0,0,.9184762
0,10102013,0,1,0,0,1,-.509247
0,10102016,1,1,0,0,0,.1244689
0,10102016,1,1,0,0,0,1.026443
0,10102016,0,0,0,0,0,-1.023126
0,10102016,1,1,0,0,0,.105912
0,10102016,1,1,0,1,0,.1244689
0,10103004,1,1,0,1,0,.1087131
0,10103004,1,1,0,0,0,.5327111
0,10103004,1,1,1,1,0,-1.351807
0,10103004,1,1,0,0,0,-.0403148
0,10103004,1,1,0,1,0,.0817241
0,10103004,0,1,0,0,0,.407567
0,10103005,1,0,0,0,0,-.4498333
0,10103005,0,1,0,0,0,-.5569724
0,10103005,0,1,1,0,0,-.3954994
0,10103005,1,1,0,0,0,1.026443
0,10103005,1,1,0,0,0,.5327111
0,10103005,0,1,0,0,0,-.9976612
0,10103005,1,0,0,0,0,-1.937777
1,10103006,0,1,0,0,0,.968554
1,10103006,1,1,0,0,0,-1.36553
1,10103006,0,1,0,0,0,-2.031198
1,10103008,1,1,1,0,0,.8014657
1,10103008,1,1,0,1,0,.9935051
1,10103008,1,1,0,0,0,.0961761
1,10103008,1,1,0,0,0,1.136443
1,10103008,1,1,1,0,0,-.3825781
1,10103010,0,1,0,0,0,-1.900943
1,10103010,1,1,1,0,0,-.6696503
1,10103010,1,1,0,0,0,.2108457
1,10103010,0,1,0,0,0,.6727723
1,10103010,0,1,1,0,0,-.4184733
1,10103010,1,1,0,0,0,.2344689
1,10103010,1,0,0,0,0,.2874005
1,10103010,1,1,0,0,0,-.3264035
1,10103011,1,1,0,0,0,.2344689
1,10103011,1,1,0,0,0,.2344689
1,10103011,0,1,1,0,0,1.123759
1,10103011,1,1,0,0,0,-.235075
1,10103011,0,0,0,0,0,.6579323
1,10103011,0,1,0,0,0,-.4346246
1,10103011,1,1,0,1,0,.9554052
0,10104005,0,1,1,0,1,-.2577195
0,10104005,1,1,0,0,0,-.414366
0,10104005,1,1,0,0,0,1.026443
0,10104005,1,1,0,0,0,.1244689
0,10104005,0,0,0,0,0,.4610814
0,10104005,0,0,0,0,0,-3.01634
0,10104005,1,1,1,0,0,-2.063572
1,10104007,1,1,0,1,0,.0696852
1,10104007,0,1,1,0,0,.517567
1,10104007,0,1,0,0,0,.968554
1,10104007,1,1,0,0,0,-1.246354
1,10104007,1,1,0,0,0,.3823792
0,10104008,1,1,0,0,0,.9679422
0,10104008,0,1,1,0,0,1.013759
0,10104008,1,1,0,0,0,-.1385525
0,10104008,0,1,0,0,1,-.5000266
0,10104008,1,1,0,0,0,-.1910263
0,10104008,1,1,0,0,0,-1.575092
0,10104008,0,0,0,1,0,-.0301657
1,10104009,1,1,0,0,1,.9716591
1,10104009,1,1,0,0,1,-.8335651
1,10104009,1,1,0,0,1,1.136443
1,10104009,1,0,0,0,0,-.1113525
1,10104009,1,1,0,0,0,-1.136642
1,10104009,1,0,0,0,0,-1.857578
0,10104011,1,1,0,1,0,.2723792
0,10104011,1,1,0,0,0,-.345075
0,10104011,1,1,0,0,0,1.026443
0,10104011,1,1,0,0,0,1.026443
0,10104011,0,1,0,0,1,-2.266464
0,10104011,1,1,1,1,0,1.026443
1,10105004,1,0,0,1,1,.0539293
1,10105004,1,1,1,0,1,1.01272
1,10105004,1,0,0,0,0,-1.332714
1,10105004,1,1,0,0,1,.2069454
1,10105004,1,1,0,0,0,-1.103948
1,10105004,1,1,1,0,0,-3.982512
1,10105006,1,1,0,0,1,-.3398333
1,10105006,1,1,1,0,0,.9716591
1,10105006,1,1,0,0,0,-.3398333
1,10105006,1,1,0,0,0,.3153875
1,10105006,1,1,0,0,0,.1759683
1,10105007,0,1,0,1,0,1.123759
1,10105007,1,1,1,0,0,.6854559
1,10105007,1,1,0,0,1,.9716591
1,10105007,1,0,0,1,0,.1759683
1,10105007,1,1,0,0,0,-.2193192
1,10105007,0,1,0,0,1,.5224495
1,10105007,1,1,0,0,0,1.093698
1,10105007,1,1,0,1,0,.5206721
1,10105008,1,1,1,0,0,.9716591
1,10105008,0,1,0,1,0,.968554
1,10105008,1,1,0,0,0,.9716591
1,10105008,1,1,0,0,0,.2344689
1,10105008,1,1,0,0,0,1.136443
0,10105009,0,1,0,0,1,-.04342
0,10105009,0,1,0,0,0,-.3156254
0,10105009,1,1,0,0,1,-1.246414
0,10105009,1,1,0,0,1,.8616591
0,10105009,0,1,1,1,0,.1244689
0,10105009,1,1,0,0,0,1.026443
0,10105009,1,1,0,0,1,-.5139502
0,10105011,1,1,0,0,0,1.026443
0,10105011,1,1,0,1,0,.9027203
0,10105011,1,1,0,0,0,-1.693991
0,10105011,1,1,0,1,0,.8031585
0,10105011,1,1,0,0,0,-.3692628
0,10105011,1,1,1,0,0,.8616591
1,10105012,0,1,0,0,0,.0114798
1,10105012,0,0,0,0,0,1.007228
1,10105012,1,1,0,1,0,1.136443
1,10105012,1,1,1,0,0,.2187131
1,10105012,0,1,0,0,1,.8393267
1,10105012,0,0,0,1,0,.9304073
1,10105012,1,1,0,0,0,.5050742
1,10105012,1,1,1,0,0,.2344689
1,10105013,1,0,0,1,0,.146621
1,10105013,0,1,0,0,0,-.2705488
1,10105013,1,0,1,0,0,.0414555
1,10105013,1,1,0,0,0,1.136443
1,10105013,1,1,0,0,0,.6137246
1,10105013,1,1,0,1,0,.2344689
1,10105013,1,0,0,0,0,1.120687
1,10105013,0,1,0,0,0,.91943
1,10105014,1,1,1,0,0,.9559033
1,10105014,1,1,0,1,0,1.136443
1,10105014,1,1,0,1,0,.1265023
1,10105014,1,0,0,1,0,-1.105715
1,10105014,0,1,1,1,0,-.8035039
1,10105014,1,1,0,1,0,.9716591
0,10105015,0,1,1,0,0,1.013759
0,10105015,1,1,0,1,0,1.026443
0,10105015,1,0,0,0,0,1.010687
0,10105015,0,1,1,0,1,-2.859809
0,10105015,1,1,1,1,0,.8616591
0,10105015,0,1,1,0,1,1.013759
1,10106004,1,1,0,1,0,-1.642349
1,10106004,0,1,0,0,1,-.3236468
1,10106004,0,1,1,0,1,-.1986485
1,10106004,1,1,0,1,0,.6269553
1,10106006,0,1,0,0,1,1.068659
1,10106006,0,0,1,0,0,1.123759
1,10106006,0,0,0,0,1,-.3525168
1,10106006,1,1,0,0,0,-.3309992
1,10106006,0,1,0,0,0,.517567
1,10106006,1,1,1,0,0,.9716591
0,10106007,0,1,1,1,0,-.2002111
0,10106007,1,1,0,0,0,-.0403148
0,10106007,0,1,0,1,0,-.5468614
0,10106007,0,1,0,1,1,-.141176
0,10106007,0,1,0,0,1,-2.61928
0,10106007,0,1,1,0,1,-.0047455
0,10106007,0,1,0,1,0,.0969454
1,10106009,1,1,0,0,0,.2344689
1,10106009,0,1,0,0,1,-.3859926
1,10106009,0,1,0,0,1,.06658
1,10106009,1,1,0,0,0,.2344689
1,10106009,0,0,0,0,1,.2217854
1,10106009,0,0,0,1,0,.2217854
1,10106009,1,0,0,1,0,-.4039502
0,10106013,0,1,0,0,1,-.0836802
0,10106013,1,0,0,0,0,.4106721
0,10106013,0,1,0,0,1,.5627723
0,10106013,1,1,1,0,0,-.3548068
0,10106013,0,1,0,1,0,.1117854
0,10106013,1,1,0,0,0,-.0403148
0,10201005,1,1,0,0,0,.5754559
0,10201005,1,1,0,0,0,-1.67064
0,10201005,0,1,0,0,0,.1117854
0,10201005,1,1,0,0,1,.0904925
0,10201005,1,1,0,0,0,.5754559
0,10201005,1,1,1,0,0,.1244689
1,10201006,1,1,0,1,0,.3330247
1,10201006,1,1,0,0,1,1.136443
1,10201006,0,1,0,0,1,1.123759
1,10201006,1,0,1,0,0,-.3176343
1,10201006,1,1,0,0,0,1.136443
1,10201006,0,1,1,0,0,.2217854
1,10201007,1,1,0,0,0,.1917241
1,10201007,1,1,0,0,0,1.028476
1,10201007,1,0,1,0,0,-.1818289
1,10201007,1,1,0,0,0,.5978515
1,10201007,0,1,1,0,1,-1.303615
1,10201007,1,1,1,0,0,.0961761
0,10201008,1,1,0,0,0,.3732303
0,10201008,1,1,0,0,0,.1117854
0,10201008,1,1,0,0,0,.1087131
0,10201008,1,0,1,0,0,-1.969262
0,10201008,1,0,1,0,0,-.7212301
0,10201008,1,1,1,0,0,-.270707
0,10201008,0,1,0,0,1,-.3485101
0,10201010,1,1,0,0,0,-1.669549
0,10201010,1,1,1,0,1,1.026443
0,10201010,1,1,0,0,0,-.0560707
0,10201010,0,0,0,0,0,.5627723
0,10201010,1,1,0,0,0,.1244689
0,10201010,1,1,0,0,0,-.0988155
0,10201010,0,1,0,1,0,1.013759
0,10201012,1,0,0,0,0,.0817241
0,10201012,1,1,0,1,0,-.04342
0,10201012,1,0,0,0,0,-.6434185
0,10201012,1,1,0,0,0,1.026443
0,10201012,0,1,1,1,0,1.013759
0,10201012,0,1,1,0,1,.6484257
1,10201014,0,1,0,1,0,.2217854
1,10201014,1,1,0,0,0,.2344689
1,10201014,1,1,0,0,0,.4980237
1,10201014,1,1,0,0,0,.2187131
1,10201014,0,0,0,1,0,1.123759
1,10201014,1,1,0,0,0,.0961761
1,10201014,1,1,0,0,0,.2344689
1,10201014,0,1,0,0,0,-1.269331
1,10202004,1,1,1,0,0,-.0702913
1,10202004,1,1,0,1,0,.6854559
1,10202004,1,1,0,0,0,.2344689
1,10202004,1,1,1,0,0,.6854559
1,10202004,0,1,0,0,0,.06658
1,10202004,1,1,1,0,0,.5347444
1,10202004,1,1,0,0,0,.8548461
1,10202004,1,1,1,0,1,-.0686077
0,10202005,0,1,1,0,0,1.013759
0,10202005,1,1,0,0,0,-.0403148
0,10202005,0,1,0,1,0,.0969454
0,10202005,0,1,1,0,0,.1117854
0,10202005,0,1,0,0,0,-.0587291
0,10202005,1,0,1,0,0,-1.624558
0,10202005,1,0,0,0,0,-.3265181
0,10202005,1,1,0,0,0,-.7860045
0,10202006,1,0,0,0,0,-.3604945
0,10202006,1,1,1,0,0,1.026443
0,10202006,1,1,0,0,0,1.026443
0,10202006,0,1,0,0,0,-1.661647
0,10202006,0,1,0,1,0,-.0836802
0,10202006,0,1,0,0,0,1.013759
0,10202006,1,1,0,0,1,1.010687
0,10202006,1,1,0,0,0,-.1910263
0,10202007,1,1,0,1,0,-.0497257
0,10202007,1,1,1,0,0,.5169553
0,10202007,1,1,0,0,0,-1.667302
0,10202007,1,1,1,0,0,.0817241
0,10202007,1,0,1,1,0,-.7859333
0,10202007,0,1,0,1,0,-.04342
0,10202008,1,1,0,0,0,-2.061837
0,10202008,0,1,0,0,0,.8686651
0,10202008,1,1,0,0,0,.8616591
0,10202008,0,1,0,0,0,1.013759
0,10202008,0,1,1,0,0,-.5722815
0,10202008,1,1,0,1,0,-.6420133
0,10202008,0,0,0,0,0,-1.419591
0,10202008,1,1,1,0,0,-.04342
0,10202010,0,1,0,0,0,1.013759
0,10202010,1,1,0,1,0,.6951918
0,10202010,1,0,0,0,0,-.6146171
0,10202010,1,1,1,1,0,-3.24372
0,10202010,1,1,0,0,0,-.04342
0,10202010,1,1,0,0,0,-.1910263
0,10202010,0,1,0,0,0,1.013759
0,10202010,1,1,0,0,0,-.3718242
0,10202014,1,1,0,0,0,.3679273
0,10202014,0,1,0,1,0,-1.519696
0,10202014,0,1,0,0,0,-.6088244
0,10202014,0,1,0,0,0,-.0735691
0,10202014,1,1,0,0,0,-.0560707
0,10202014,1,0,0,0,1,.7875909
0,10202014,1,1,0,1,0,1.026443
1,10203004,1,1,0,1,0,-.4492133
1,10203004,1,1,1,1,0,-1.586787
1,10203004,1,1,0,1,0,.9716591
1,10203004,1,1,1,1,0,-1.449336
1,10203004,1,1,0,1,0,1.136443
1,10203004,1,1,0,1,1,.9716591
0,10203005,1,1,0,1,0,.8616591
0,10203005,1,1,1,0,0,-.3850187
0,10203005,0,1,0,1,0,.4276285
0,10203005,0,1,0,1,0,.0715252
0,10203005,0,0,1,0,0,1.013759
0,10203005,1,1,0,1,0,1.026443
0,10203007,1,1,1,1,0,-.0988155
0,10203007,1,1,0,1,0,-.0403148
0,10203007,1,1,1,0,0,.6155111
0,10203007,1,1,0,0,0,.3824424
0,10203007,0,1,0,1,1,-1.194718
0,10203007,1,1,0,0,0,-.3265181
0,10203009,1,1,1,0,0,1.026443
0,10203009,0,1,1,1,0,.8034537
0,10203009,0,1,1,0,1,-.04342
0,10203009,1,1,0,0,0,-.3560077
0,10203009,1,1,0,1,1,-.5837789
0,10203009,1,1,1,0,0,-.183799
0,10203009,1,1,0,1,0,-.5792869
0,10203009,0,0,0,0,0,-.4929853
1,10203012,0,1,0,1,0,.2217854
1,10203013,1,1,0,0,0,.0269404
1,10203013,1,1,1,1,0,.0961761
1,10203013,1,0,0,0,1,.9716591
1,10203013,1,1,1,1,0,.9716591
1,10203014,1,1,0,0,0,1.093698
1,10203014,1,1,0,0,1,-1.406591
1,10203014,1,1,0,0,0,.6697001
1,10203014,1,1,1,1,0,.0961761
1,10203014,1,1,0,0,0,.3833273
1,10203014,1,1,1,0,0,.3172689
1,10203014,1,1,0,0,0,.8333663
0,10204004,0,1,0,0,0,-.5695772
0,10204004,0,1,0,0,0,.5627723
0,10204004,1,0,1,0,0,-.4483991
0,10204004,1,1,0,0,0,.0817241
0,10204004,1,1,0,0,0,-.0419984
0,10204010,1,1,1,1,0,-.0403148
0,10204010,1,1,0,0,0,.7233663
0,10204010,1,0,0,1,0,-.0403148
0,10204010,0,1,1,0,0,.8585539
1,10204011,1,1,0,1,0,-.4511024
1,10204011,1,1,0,0,0,1.136443
1,10204011,1,1,0,0,0,1.136443
1,10204011,1,1,0,0,0,.0539293
1,10204011,1,1,0,0,0,.4484377
1,10204011,1,1,0,0,1,1.136443
1,10204012,1,1,0,0,0,-1.636983
1,10204012,0,1,1,1,0,.06658
1,10204012,0,0,0,0,0,1.022068
1,10204012,0,0,0,0,0,.2217854
1,10204012,0,0,1,0,0,-.5822805
1,10204012,1,1,0,0,0,.547163
0,10301009,1,1,0,0,0,.1244689
0,10301009,1,0,1,0,0,-.1943635
0,10301009,0,1,0,0,0,.9734992
0,10301009,1,1,0,1,0,1.026443
0,10301009,1,1,0,1,0,.1087131
0,10301010,0,1,1,0,1,-.0333089
0,10301010,1,1,1,0,0,.8585539
0,10301010,1,1,1,0,0,-.6440614
0,10301010,1,1,0,1,0,-.0403148
0,10301010,1,1,0,0,0,.8616591
0,10301010,1,1,1,0,0,-.6095778
0,10301010,1,1,0,0,0,-.0295798
0,10301010,0,1,0,1,0,-1.642232
1,10301011,1,1,0,0,0,-2.024045
1,10301011,1,1,1,0,0,1.136443
1,10301011,1,1,0,0,0,-.6911283
1,10301011,0,1,0,0,0,1.123759
1,10301011,1,0,0,0,1,1.136443
1,10301011,1,1,1,1,0,1.136443
1,10301011,1,1,1,0,0,.9131585
0,10301012,0,1,1,0,0,1.013759
0,10301012,1,1,0,0,0,.2481324
0,10301012,1,1,0,0,0,-.5139502
0,10301012,1,1,1,0,0,.3679273
1,10301013,1,1,1,1,0,.1254962
1,10301013,1,1,0,1,0,1.136443
1,10301013,1,1,0,0,0,1.136443
1,10301013,0,1,0,0,1,.0263198
1,10301013,1,0,0,0,0,-.8353939
1,10301013,1,1,1,0,0,-2.159537
0,10301014,1,1,0,1,0,-.2310843
0,10301014,1,1,0,0,0,.1244689
0,10301014,1,0,0,0,0,-.2213525
0,10301014,1,0,0,1,0,-.3850187
0,10301014,1,1,1,0,0,-2.813817
0,10301014,0,1,0,0,0,-.1919525
0,10301014,1,1,0,0,0,-2.136637
0,10301014,1,0,0,0,0,-1.11776
0,10302004,0,0,0,0,0,.5627723
0,10302004,1,1,0,1,0,-.0403148
0,10302004,1,1,0,0,0,-.6136612
0,10302004,1,0,0,0,0,1.026443
0,10302004,1,1,0,0,1,-.0138239
1,10302006,1,1,0,0,0,.0534313
1,10302006,0,1,1,0,0,-.1211308
1,10302006,1,1,0,0,1,.0111845
1,10302006,1,1,0,0,0,.9716591
1,10302006,1,1,0,0,0,-.0127967
1,10302006,1,1,0,0,0,.2344689
1,10302006,1,1,0,0,0,1.120687
1,10302006,1,0,0,0,0,-2.851192
1,10302009,1,1,1,0,0,.6854559
1,10302009,1,1,1,1,0,.1917241
1,10302009,1,1,0,0,0,-.0967821
1,10302009,1,0,0,0,0,.1917241
1,10302009,0,1,1,0,1,.968554
1,10302009,1,1,0,0,0,1.093698
1,10302009,1,1,1,0,0,.0696852
0,20201006,1,1,0,1,0,-.6440614
0,20201006,1,0,0,1,0,.0165023
0,20201006,1,1,0,0,0,1.026443
0,20201006,1,1,1,0,0,.6951366
0,20201006,1,1,0,0,1,-1.269007
0,20201006,1,1,0,0,0,.3679273
1,20201008,1,1,1,0,0,1.219243
1,20201008,1,0,0,0,0,-1.284552
1,20201008,1,1,1,0,0,-.3152383
1,20201008,1,1,1,0,0,1.123759
1,20201008,1,0,0,0,0,.5206721
1,20201008,1,1,0,0,0,1.093698
1,20201008,1,1,0,0,0,-2.718655
1,20201010,1,1,0,0,0,.547163
1,20201010,1,1,0,0,0,-.1896935
1,20201010,1,1,0,0,0,.0263198
1,20201010,0,1,0,1,0,1.123759
1,20201010,0,1,0,0,0,1.123759
1,20201010,1,1,1,1,0,-.3398333
1,20202004,0,0,0,0,0,-2.799286
1,20202004,0,1,0,0,0,.0915311
1,20202004,1,1,0,1,0,.5206721
1,20202004,1,1,1,1,0,.0113728
1,20202004,1,1,1,1,0,.0961761
1,20202004,1,1,1,1,0,-.1031191
1,20202004,0,1,0,0,1,.274756
1,20202004,1,0,1,0,0,-.0545354
0,20202006,0,1,0,0,0,-2.46193
0,20202006,1,1,0,0,0,-.0988155
0,20202006,1,1,0,0,0,.5754559
0,20202006,0,1,1,1,0,-1.519696
0,20202006,1,1,0,0,0,.8616591
0,20202006,1,1,1,1,0,.9184762
1,20202009,1,1,0,0,0,1.136443
1,20202009,1,1,1,0,0,.1917241
1,20202009,1,1,0,0,0,1.028476
1,20202009,1,0,0,0,0,-.4039502
1,20202009,1,1,0,1,0,.0696852
1,20202009,1,1,0,0,0,1.136443
1,20202009,1,0,0,0,0,1.123759
1,20202009,1,1,0,1,0,-1.049956
1,20203005,1,1,0,1,0,.0111845
1,20203005,1,1,0,0,0,.9213919
1,20203005,1,1,0,0,0,.9131585
1,20203005,1,1,0,0,0,.0804202
1,20203005,0,0,0,0,0,-1.224738
1,20203005,1,1,1,0,0,-1.294876
1,20203005,1,1,0,1,0,1.136443
0,20203007,1,1,1,0,0,-1.897053
0,20203007,1,1,0,0,0,.0723133
0,20203007,1,1,0,0,0,.8616591
0,20203007,0,1,0,0,0,-2.46193
0,20203007,1,1,0,1,0,-2.428889
0,20203007,1,1,0,0,0,.0659683
1,20203008,1,1,0,0,0,-.7330526
1,20203008,1,1,0,1,0,.9716591
1,20203008,0,1,0,0,1,-.9337582
1,20203008,1,1,0,0,0,-1.82403
1,20203008,1,1,0,0,1,-.1271083
1,20203008,1,1,0,1,0,.0111845
1,20203011,0,0,0,0,0,.0696852
1,20203011,1,1,1,1,0,-.3535218
1,20203011,1,1,0,0,0,-1.440568
1,20203011,1,1,0,0,0,-1.409528
1,20203011,0,1,0,0,0,.06658
1,20203011,1,1,0,0,0,.2344689
1,20203015,0,1,0,1,0,-1.254491
1,20203015,1,1,0,0,0,.0111845
1,20203015,1,0,0,0,0,-.3398333
1,20203015,1,1,1,1,1,.2187131
1,20203015,1,1,0,0,0,.2187131
1,20203015,0,1,0,1,0,.968554
0,20203018,0,1,1,1,0,1.013759
0,20203018,1,1,1,1,0,.4674892
0,20203018,0,1,0,0,0,.5627723
0,20203018,0,1,1,1,0,-.1451109
0,20204006,0,1,0,1,0,-.0047455
0,20204006,1,1,0,0,0,-.1786077
0,20204006,1,1,0,0,1,.0817241
0,20204006,0,1,0,1,0,.1117854
0,20204006,0,1,0,0,0,-.509247
0,20204006,0,1,0,0,0,-.2862309
0,20204006,0,1,1,0,0,.5627723
0,20204006,0,1,0,0,0,-.1451109
1,20204010,1,1,0,1,0,.2344689
1,20204010,1,1,0,0,0,.5774892
1,20204010,1,1,0,1,0,.2344689
1,20204010,1,1,0,0,0,.2344689
1,20204010,1,1,0,0,0,.0113728
1,20204010,1,1,0,0,0,.0837574
0,20205007,1,1,0,1,0,-.6386941
0,20205007,0,1,0,1,0,.1117854
0,20205007,0,1,0,1,0,-.4418401
0,20205007,1,1,1,0,0,1.026443
0,20205007,1,1,0,0,0,-.0565687
0,20205007,0,1,1,0,0,-.04342
1,20206011,1,1,1,0,0,-.519417
1,20206011,1,1,0,0,0,1.136443
1,20206011,1,1,0,0,0,-.802821
1,20206011,1,0,1,1,0,-.0471278
1,20206011,1,1,0,0,0,-3.573469
1,20206011,1,1,0,0,0,-.4511024
1,20206011,1,1,0,0,0,.0111845
1,20206011,1,1,0,0,0,-.3813018
1,20207010,1,1,0,0,0,-.5879915
1,20207010,1,1,0,1,0,-.1113525
1,20207010,1,1,1,0,1,-.6054888
1,20207010,1,1,0,0,1,-.0382815
1,20207010,1,1,0,0,0,-.6137379
0,20207012,1,1,1,1,0,-.0380709
0,20207012,1,0,1,1,0,-.3684212
0,20207012,0,1,0,0,1,.8176736
0,20207012,1,1,0,0,0,.1244689
0,20207012,1,1,1,0,0,-2.481611
0,20207012,0,1,1,0,1,-.4498333
0,20207012,1,1,0,0,0,-.0836802
1,20207013,1,1,0,1,0,.0111845
1,20207013,0,1,1,0,0,.968554
1,20207013,0,1,0,0,0,-.3040069
1,20207013,0,1,0,0,0,.2069454
1,20207013,1,1,0,0,0,.0269404
0,20207016,1,1,1,1,0,.88815
0,20207016,1,1,0,0,0,1.026443
0,20207016,0,1,1,1,0,-.4625168
0,20207016,1,1,0,1,0,1.026443
0,20207016,1,0,0,1,0,-.4498333
0,20207016,1,1,0,1,0,.0817241
1,20301006,1,1,0,0,0,1.093698
1,20301006,1,1,0,0,0,-.216518
1,20301006,1,1,0,0,0,.2187131
1,20301006,1,1,0,0,0,1.136443
1,20301006,1,1,0,0,1,-.8322887
1,20301006,1,1,0,1,0,.4704049
1,20301006,1,1,0,0,0,1.120687
1,20301006,1,1,0,0,0,-.568734
1,20301007,1,1,0,0,0,.0696852
1,20301007,1,1,0,0,0,-1.493321
1,20301007,1,1,0,0,0,-.2957349
1,20301007,1,0,0,0,1,.2187131
1,20301008,1,0,0,1,0,.9716591
1,20301008,1,1,0,0,1,1.136443
1,20301008,1,1,0,1,0,.0696852
1,20301008,1,0,0,0,0,.0696852
1,20301008,1,1,0,0,0,-.9556041
1,20301008,1,1,0,0,0,.6854559
1,20301008,1,0,0,0,0,1.123759
0,20301010,0,0,1,0,0,-2.26222
0,20301010,1,0,0,0,0,.3673068
0,20301010,1,1,0,1,0,1.026443
0,20301010,0,1,0,1,0,-4.350817
0,20301010,1,1,0,0,0,-1.997068
0,20301010,0,1,0,0,0,-.6177222
1,20301011,1,1,0,1,0,.0696852
1,20301011,1,1,1,0,0,-.0370436
1,20301011,1,1,0,1,0,1.136443
1,20302004,0,1,0,0,0,-2.108603
1,20302004,0,0,0,0,0,1.123759
1,20302004,0,1,0,0,1,1.123759
1,20302004,1,1,0,0,1,.1759683
1,20302004,1,1,0,0,0,1.136443
1,20302004,1,1,0,0,0,.9716591
1,20302004,1,1,0,0,0,1.136443
1,20302004,1,1,0,0,0,-1.241807
1,20303007,0,1,0,1,0,.0696852
1,20303007,1,1,0,0,0,-.8619827
1,20303007,1,1,0,0,0,1.093698
1,20303007,1,1,0,0,0,1.136443
1,20303007,1,1,0,0,0,-1.284552
1,20303007,0,1,0,0,0,.06658
1,20303007,1,1,0,0,0,.0269404
1,20303007,1,1,0,1,0,.0351738
0,20303009,0,0,1,0,0,-.236772
0,20303009,0,1,0,0,0,.2821951
0,20303009,1,1,0,0,0,-.0138239
0,20303009,1,1,0,0,0,-.0138239
0,20303009,1,1,0,0,0,.1244689
0,20303009,0,1,0,0,0,.9734992
0,20303009,1,1,0,0,0,1.026443
0,20303009,1,1,0,0,0,.8454052
0,20303012,1,1,0,0,0,-.8902053
0,20303012,1,1,0,0,0,1.026443
0,20303012,1,1,0,0,0,-.8024567
0,20303012,1,1,0,0,0,.4535748
0,20303012,1,0,0,0,0,-.2735865
0,20303012,1,1,0,1,0,-.2067821
0,20303012,1,0,0,0,0,-.8012187
1,20401004,0,1,1,0,0,-2.869092
1,20401004,1,1,0,0,0,.3330247
1,20401004,1,1,0,0,0,.6854559
1,20401004,1,0,0,0,0,-1.257563
1,20401004,1,1,1,0,0,-.3838623
1,20401004,1,1,0,0,0,-.5183056
0,20401006,0,1,1,0,0,.1117854
0,20401006,1,0,1,0,0,-.0988155
0,20401006,0,1,1,0,0,-.4420272
0,20401006,0,1,0,0,0,-.2139345
0,20401006,1,1,1,0,0,-.2996986
0,20401006,1,1,0,0,0,.0659683
0,20401006,1,0,1,0,0,1.026443
0,20401006,1,1,1,1,0,1.026443
0,20401015,1,1,0,0,0,.0817241
0,20401015,1,1,1,0,0,.0817241
0,20401015,1,1,1,0,0,.8459033
0,20401015,0,1,1,1,0,1.013759
0,20401015,0,1,1,0,0,.9734992
0,20401015,1,1,1,0,0,-.0403148
0,20401015,1,1,1,1,0,-.0403148
0,20401015,0,1,1,0,0,.1117854
0,20401016,1,1,0,1,0,.9734992
0,20401016,1,1,1,0,0,.0659683
0,20401016,0,1,0,1,0,1.013759
0,20401016,0,1,0,1,0,.8585539
0,20401016,1,1,0,0,0,1.026443
0,20401016,0,1,0,0,0,.8585539
0,20401016,1,1,0,0,0,1.026443
0,20401016,1,1,0,0,0,1.026443
0,20401017,0,1,0,0,0,.1117854
0,20401017,0,1,1,1,0,-1.379331
0,20401017,0,1,1,1,0,.1117854
0,20401017,0,1,1,0,0,.2370525
0,20401017,0,0,0,0,0,-.0985202
0,20401017,0,1,1,0,0,-.0301657
1,20401018,1,1,1,0,1,1.077942
1,20401018,1,1,0,0,1,1.136443
1,20401018,1,0,0,0,0,-.4925345
1,20401018,1,1,1,0,0,.1917241
1,20401018,1,1,0,0,0,1.136443
1,20401018,1,1,0,0,0,1.136443
1,20401018,1,0,0,0,0,.1759683
1,20401018,1,1,0,0,0,.5206721
0,20402006,1,1,0,0,0,.6259008
0,20402006,1,1,1,0,0,.0447291
0,20402006,1,0,0,0,0,.1087131
0,20402006,0,1,0,0,0,.1117854
0,20402006,0,1,0,0,1,1.013759
0,20402006,1,1,0,0,0,-.5195315
0,20402006,1,1,0,0,1,.8616591
1,20402007,1,1,0,0,0,1.136443
1,20402007,0,0,0,0,0,.517567
1,20402007,1,1,0,1,1,.0696852
1,20402007,1,1,1,0,0,-1.952173
1,20402007,1,1,0,1,0,1.136443
1,20402010,1,1,0,0,0,.5913263
1,20402010,1,1,0,1,0,1.136443
1,20402010,1,0,0,0,0,.4779273
1,20402010,0,1,0,0,0,1.123759
1,20402010,0,1,0,1,0,-1.409696
1,20402010,0,0,0,0,0,1.123759
0,20402011,1,1,0,0,0,1.026443
0,20402011,1,1,0,1,0,1.026443
0,20402011,1,1,0,1,0,-.1910263
0,20402011,1,1,1,1,0,.6842591
0,20402011,0,1,0,0,0,1.013759
0,20402012,0,1,1,0,0,.8585539
0,20402012,1,1,0,0,0,-.1673034
0,20402012,1,1,0,1,0,.1244689
0,20402012,0,0,0,0,0,.1117854
0,20402012,1,1,0,0,0,.1244689
0,20402012,0,1,0,0,0,.1117854
0,20402012,1,1,0,0,0,.9184762
0,20402014,0,0,1,0,1,.1117854
0,20402014,1,1,1,0,0,.1087131
0,20402014,1,1,0,0,0,.0817241
0,20402014,1,1,0,0,0,.1244689
0,20402014,1,1,0,0,0,-.2371083
0,20402014,1,1,1,1,0,.1244689
0,20402014,1,1,1,0,0,-.0403148
1,20403005,1,1,1,0,0,.2344689
1,20403005,0,1,1,0,0,1.123759
1,20403005,0,1,0,0,0,-.3525168
1,20403005,0,1,0,0,0,1.123759
1,20403005,0,1,1,0,1,-.8035039
0,20403006,1,0,0,1,0,.1244689
0,20403006,0,0,0,0,1,.1117854
0,20403006,1,1,1,0,0,1.026443
0,20403006,0,0,0,1,0,.0969454
0,20403006,1,1,0,1,0,.8182938
0,20403006,1,0,1,0,1,-.1943635
0,20403006,1,1,0,0,0,.1087131
1,20403007,0,1,0,1,0,.06658
1,20403007,1,0,0,1,0,-3.151762
1,20403007,1,1,1,1,1,.0111845
1,20403007,0,1,0,0,1,.0263198
1,20403007,1,1,1,0,1,-3.191536
1,20403007,1,0,1,0,1,-.0810263
1,20403008,0,1,0,1,1,.0114798
1,20403008,1,1,0,0,0,-1.300308
1,20403008,0,1,0,0,0,.9532448
1,20403008,1,1,0,1,0,.2344689
1,20403008,1,1,0,0,0,.2344689
1,20403008,0,1,0,0,1,-2.145328
1,20403008,0,1,0,0,1,.06658
0,20403009,0,1,0,0,1,.2370525
0,20403009,1,1,0,0,0,-2.1141
0,20403009,1,1,0,0,1,.1244689
0,20403009,0,1,1,0,0,-.05826
1,20403010,0,1,0,0,0,.1767644
1,20403010,1,1,0,1,1,.2344689
1,20403010,0,1,0,0,0,.4624668
1,20403010,1,1,0,0,0,.8949378
1,20403010,1,1,0,0,0,-1.449336
1,20403011,1,1,0,0,0,.1917241
1,20403011,1,1,0,0,0,1.136443
1,20403011,0,1,0,0,1,.8195177
1,20403011,1,1,0,0,0,-.950171
1,20403011,1,1,0,0,0,.0111845
1,20403011,0,0,0,0,0,-.9686667
1,20403011,0,0,0,0,0,1.123759
1,20403012,1,0,0,1,0,-.1961558
1,20403012,1,1,0,1,0,.0111845
1,20403012,0,1,0,1,0,.6727723
1,20403012,0,0,0,0,1,.1666852
1,20403012,0,0,0,1,0,.6727723
1,20403012,1,0,0,0,0,-1.70855
1,20403012,1,1,0,0,0,-.3265328
1,20403013,1,1,0,0,0,.6854559
1,20403013,0,1,0,0,1,1.083499
1,20403013,1,1,0,1,0,.2344689
1,20403013,1,1,0,0,0,-.1923302
1,20403013,1,1,0,0,0,.9716591
1,20403013,1,1,0,0,0,.3923709
1,20403014,1,1,0,0,0,1.192254
1,20403014,0,1,0,1,0,.2217854
1,20403014,0,1,1,0,0,1.123759
1,20403014,1,1,0,1,0,-.3244847
1,20403014,1,1,1,0,0,1.136443
1,20403014,0,0,0,1,0,1.123759
1,20403014,1,1,0,1,0,-.1504596
1,20403014,1,1,0,1,0,-2.716649
0,20403015,1,1,0,0,0,1.026443
0,20403015,1,1,0,0,0,-.0988155
0,20403015,0,1,1,0,1,-.04342
0,20403015,0,1,1,1,0,.8182938
0,20403015,1,1,0,0,0,.570408
0,20403015,1,1,0,0,1,.983698
0,20403015,1,1,1,0,0,-.4498333
0,20403016,1,1,0,0,0,-.5428568
0,20403016,1,1,0,0,0,-1.351807
0,20403016,1,1,0,1,0,.1087131
0,20403016,1,1,0,0,1,.5754559
0,20404005,1,1,0,0,0,.1087131
0,20404005,0,0,1,0,1,.0969454
0,20404005,0,1,0,0,1,-.04342
0,20404005,0,1,0,0,0,1.013759
0,20404005,0,1,0,1,0,-.0983429
0,20404005,1,1,0,0,0,-.0403148
0,20404006,1,1,1,0,0,-2.093588
0,20404006,1,0,0,0,0,.0165023
0,20404006,0,1,0,0,0,1.013759
0,20404006,0,0,0,0,0,-1.396492
1,20404009,1,1,0,1,0,.2344689
1,20404009,1,1,0,0,0,.7906215
1,20404009,0,1,0,0,1,-1.409696
1,20404009,1,1,0,0,0,-.1453658
1,20404009,1,1,0,0,0,-.0843635
1,20404009,1,1,0,0,0,.0194179
1,20404009,1,1,0,0,0,1.136443
1,20404010,1,1,0,0,0,.0696852
1,20404010,1,1,1,0,1,1.136443
1,20404010,1,1,0,0,0,-.3262153
0,20404013,1,1,1,1,0,-.6295947
0,20404013,0,1,0,0,1,.0715252
0,20404013,0,1,0,0,1,.8585539
0,20404013,1,1,1,0,0,1.026443
0,20404013,1,1,0,1,0,-.0988155
0,20404014,1,1,0,0,0,1.026443
0,20404014,1,1,0,0,0,-.15681
0,20404014,1,1,0,1,0,1.026443
0,20404014,0,0,0,0,0,1.026443
0,20404014,1,1,1,1,0,1.026443
0,20404014,0,0,1,1,0,-1.514814
0,20404014,0,1,1,0,0,.5225121
0,20404015,1,0,0,0,0,-.04342
0,20404015,1,0,0,1,0,-3.844027
0,20404015,1,1,0,0,0,-.1640373
0,20404015,1,1,0,0,0,1.013759
0,20404015,1,1,1,1,0,1.026443
1,30101005,0,1,1,0,0,-.4542078
1,30101005,1,1,0,0,0,-.3398333
1,30101005,1,1,0,0,0,-.6572317
1,30101005,1,1,1,0,0,.6854559
1,30101005,1,1,0,0,0,.0696852
0,30101006,1,1,0,0,0,-.5498024
0,30101006,1,1,0,0,1,-.3570508
0,30101006,1,0,0,0,0,-1.526747
0,30101006,1,1,1,1,0,-2.510511
0,30101006,1,1,1,1,0,.407567
0,30101006,1,1,0,0,0,-.5992684
1,30101007,0,1,0,1,0,1.123759
1,30101007,1,1,1,0,0,.2344689
1,30101007,0,1,1,1,0,.517567
1,30101007,1,1,0,0,0,-.1039345
1,30101007,1,1,0,1,0,-.216518
1,30101007,1,1,0,0,0,.0696852
1,30102004,1,1,0,0,1,-1.038493
1,30102004,1,1,1,1,0,-1.6796
1,30102004,1,1,0,1,0,-2.305952
1,30102004,1,1,0,0,1,1.136443
1,30102004,0,1,0,0,1,1.123759
1,30102004,1,1,1,0,0,.1917241
0,30102005,1,1,0,0,0,1.026443
0,30102005,0,1,1,0,1,.4124495
0,30102005,1,1,0,0,0,-.3850187
0,30102005,0,1,1,0,0,-.3156254
0,30102005,1,1,0,0,0,-.5551833
0,30102005,1,1,0,1,0,1.026443
1,30102006,1,1,1,1,0,.0961761
1,30102006,1,1,0,1,0,.0961761
1,30102006,1,1,0,1,0,.6854559
1,30102006,1,1,0,1,0,1.136443
1,30102006,1,1,1,0,0,.6854559
1,30102006,0,1,1,0,0,1.123759
0,30102009,0,1,0,1,0,1.013759
0,30102009,1,0,0,0,0,-.369322
0,30102009,0,1,0,0,1,1.013759
0,30102009,0,0,0,0,0,-.3086485
0,30102009,1,1,0,0,0,-.2369201
0,30102009,1,1,0,0,1,1.026443
0,30103004,1,1,0,1,0,.3944182
0,30103004,1,1,0,0,1,-.4911439
0,30103004,0,1,1,0,1,1.013759
0,30103004,1,1,0,1,0,-.2710848
0,30103004,1,1,0,1,0,-.7830741
0,30103004,0,1,0,1,0,.1117854
0,30103004,1,1,0,0,0,-.0403148
0,30103005,1,1,1,0,0,-.0988155
0,30103005,1,1,0,0,0,.1244689
0,30103005,1,0,1,0,0,-.5415691
0,30103005,0,1,1,1,0,.8034537
0,30103005,1,1,1,1,0,.1244689
0,30103005,1,1,0,0,0,.1117854
0,30103006,0,1,1,0,1,-.3392015
0,30103006,1,1,0,0,0,1.026443
0,30103006,1,1,0,0,1,-.3293192
0,30103006,1,1,0,1,0,1.026443
0,30103006,0,1,1,0,1,1.013759
0,30103006,1,0,0,0,0,-.0830596
0,30103006,1,1,0,0,0,.1244689
1,30103007,1,0,0,0,1,-.0880138
1,30103007,1,1,0,0,0,1.136443
1,30103007,0,1,0,0,1,1.022068
1,30103007,1,1,0,1,0,-1.162
1,30103007,1,1,0,0,0,1.136443
1,30103010,1,1,0,0,0,.9716591
1,30103010,0,0,0,1,0,.2217854
1,30103010,1,1,1,0,0,.6697001
1,30103010,1,0,1,0,0,-.7908203
1,30103010,1,1,0,1,0,-1.092608
1,30103010,1,0,0,0,0,1.136443
1,30103010,0,1,0,0,0,1.123759
0,30104004,1,1,0,0,0,.1244689
0,30104004,0,1,0,0,0,.9989194
0,30104004,1,1,1,0,0,-.0403148
0,30104004,1,0,0,0,0,-.5855608
0,30104004,0,1,1,1,1,-1.559957
0,30104004,1,1,0,1,0,.5754559
0,30104006,1,1,1,0,0,-1.502519
0,30104006,1,0,0,0,0,-.3422739
0,30104006,1,1,0,0,1,-1.532347
0,30104006,0,1,1,1,0,1.013759
0,30104006,1,1,0,1,0,.3679273
0,30104006,1,1,0,0,0,1.013759
0,30104009,1,1,0,1,0,.8211583
0,30104009,1,1,0,0,0,-.0830596
0,30104009,0,1,0,1,0,.4493358
0,30104009,0,1,0,0,0,.5479323
0,30104009,0,1,0,0,0,.1117854
0,30104009,1,1,0,1,0,-2.746128
0,30104009,0,0,1,0,0,.0969454
0,30105005,0,0,0,0,0,-3.447604
0,30105005,1,1,0,0,0,-.3061558
0,30105005,1,1,1,1,0,.5327111
0,30105005,0,1,0,0,0,.1117854
0,30105005,1,0,0,1,0,-1.587566
0,30105005,1,1,1,1,0,.8031585
0,30105005,1,1,0,0,0,-.6038473
0,30105005,0,0,1,1,0,-.04342
0,30105007,1,0,0,0,0,-.3850187
0,30105007,1,1,0,0,0,-1.516591
0,30105007,1,1,0,1,0,-.5139502
0,30105007,1,1,1,0,0,.863903
0,30105007,0,1,1,0,0,.5627723
0,30105007,1,1,1,0,1,.8454052
0,30105007,1,1,0,0,1,.8616591
1,30105011,1,1,1,0,0,-.4781262
1,30105011,1,1,1,0,0,-.7593907
1,30105011,1,1,0,0,0,-.5191735
1,30105011,1,1,1,0,0,.2187131
1,30105011,1,1,1,0,1,.4704049
1,30105011,1,1,0,0,0,-1.241807
1,30105012,1,1,0,0,0,.3836684
1,30105012,1,1,0,1,0,.6854559
1,30105012,1,1,1,0,0,-.8322887
1,30105012,1,1,0,0,0,.5484522
1,30105012,1,1,0,0,0,1.136443
1,30105012,1,1,0,0,0,.2344689
1,30201005,1,1,1,0,0,.06658
1,30201005,1,0,0,1,0,-1.927379
1,30201005,1,1,1,0,1,-.2193192
1,30201005,0,1,1,1,0,-.8035039
1,30201005,0,1,1,0,0,-.0819525
1,30201005,1,1,0,0,0,.9716591
1,30201005,1,1,0,0,0,.0696852
0,30201006,1,1,0,0,0,-.4498333
0,30201006,1,1,1,0,0,-2.164371
0,30201006,0,0,0,1,0,.1117854
0,30201006,1,1,0,0,0,-.7766632
0,30201006,1,1,0,0,0,-.6935275
0,30201006,0,0,0,1,0,-.5493298
0,30201007,0,1,0,1,0,.1117854
0,30201007,0,1,0,1,0,1.013759
0,30201007,1,1,0,0,0,1.026443
0,30201007,1,1,0,0,0,-.0138239
0,30201007,1,1,1,0,0,-.2369201
0,30201007,1,0,0,0,0,.8616591
0,30201007,1,1,1,0,0,1.026443
1,30201008,1,1,1,0,0,.1265023
1,30201008,0,1,0,0,1,1.123759
1,30201008,0,1,0,1,0,.1815252
1,30201008,1,1,0,0,0,.1815252
1,30201008,1,1,0,0,0,.0696852
1,30201008,0,1,0,0,0,-.4872326
1,30201008,1,1,0,0,0,.5049163
1,30201011,1,1,1,0,0,.3823792
1,30201011,1,1,0,1,0,.9716591
1,30201011,0,1,0,0,0,.9360486
1,30202009,1,1,0,0,0,1.136443
1,30202009,0,1,0,0,0,-.5747557
1,30202009,0,1,0,0,0,-.293136
1,30202009,1,1,0,0,0,.0696852
1,30202009,1,1,0,0,0,.6854559
1,30202009,1,1,0,0,0,.1917241
1,30202010,1,1,0,1,0,-.1271083
1,30202010,0,1,0,0,0,.0114798
1,30202010,0,1,0,0,0,1.123759
1,30202010,1,1,0,1,0,.0696852
1,30202010,0,0,0,0,0,.6727723
1,30202010,0,1,0,0,0,.2069454
1,30202011,1,1,0,1,0,.2344689
1,30202011,1,1,0,0,0,.0111845
1,30202011,1,1,0,0,0,-.3457325
1,30202011,1,1,0,0,1,.6854559
1,30202011,0,1,0,0,0,-.4239359
1,30202011,1,1,0,0,0,.0837574
1,30202011,1,1,0,0,1,-.9112474
1,30202011,1,1,0,0,0,.2344689
1,30202013,1,1,0,0,0,.2344689
1,30202013,1,1,0,0,0,-.6856548
1,30202013,1,0,0,0,0,.2187131
1,30202013,1,1,0,0,0,1.136443
1,30202013,1,1,0,0,0,-.6586658
1,30202013,1,1,0,0,0,.6427111
1,30202013,1,1,0,1,0,.7253996
0,30203007,1,1,0,0,0,-1.697629
0,30203007,1,1,1,0,1,-.4364035
0,30203007,1,1,1,0,0,-.0403148
0,30203007,1,1,0,0,0,-1.683058
0,30203007,1,1,1,0,0,-.5434574
1,30203008,1,1,0,0,0,.6854559
1,30203008,0,0,0,0,1,.06658
1,30203008,1,1,0,0,0,-.5050243
1,30203008,1,1,0,0,0,.9289143
1,30203008,1,1,1,1,0,.0269404
1,30203008,1,1,1,0,0,.2344689
1,30203008,1,1,0,0,0,.6854559
1,30203008,1,1,0,0,0,.0414555
0,30203009,1,1,0,0,0,.3523597
0,30203009,1,1,0,0,0,.6806214
0,30203009,1,1,1,0,0,1.026443
0,30203009,1,1,0,0,0,.8616591
0,30203009,1,1,0,0,0,-.716325
